{
  "estimates": {
    "ips": 0.3138831959008396,
    "dr": 0.3138831959008396
  },
  "verdict": {
    "reliable": true,
    "severity": "ok",
    "warnings": [],
    "stats": {
      "n_samples": 100.0,
      "ess": 56.96709871471732,
      "clipping_rate": 0.0,
      "min_propensity": 0.11728966390426435,
      "max_propensity": 0.8939004512446697,
      "max_weight": 5.524810363208195
    }
  },
  "importance_weights": [
    0.7656074102055397,
    1.1805248609084686,
    1.3609254087430986,
    0.1804132429913204,
    0.08361293957753979,
    0.3299747778287297,
    0.32398294189341126,
    1.7566263793516443,
    0.7982167445784089,
    0.5227550195494556,
    1.2283060550209146,
    1.855115405245383,
    0.5796167396744395,
    1.1592502953623947,
    2.4296232976134835,
    0.7694442877521763,
    0.2098048043369849,
    0.211399670837154,
    1.6731314610300676,
    0.5785251125116392,
    0.4860250820814912,
    0.6718072215487855,
    3.265475023355034,
    1.7721591820579166,
    1.9868858094649886,
    1.5016505472803197,
    0.1886416578247127,
    2.1630643510484595,
    2.87584558883191,
    0.2270119247831561,
    0.6565392039195308,
    0.4336834104873554,
    1.371471057088813,
    1.3166553309544435,
    1.309106006787011,
    5.524810363208195,
    0.4620608134190848,
    1.314360639373387,
    0.0872743313250114,
    0.7934458047918804,
    1.373461758137724,
    1.3147747674256953,
    0.2640136536685441,
    0.8038954212859616,
    1.0537192986083423,
    2.2348460673683266,
    1.3752860217399914,
    0.6958417991450091,
    0.7329121143781353,
    3.149566231868975,
    0.708179391990282,
    0.8576244715021472,
    1.8398869107862872,
    0.4342178145778513,
    1.2174678925468299,
    0.9556573915182972,
    2.0383169707964717,
    0.2054991693687627,
    0.14659591305048286,
    0.6935414303482226,
    0.8573369658318144,
    0.8027023731342479,
    0.9950023531263824,
    1.2152997391798632,
    1.3619275646461064,
    0.4389518219848859,
    0.3450236866925883,
    0.22128286338060665,
    0.3862404720743371,
    0.07637657622962638,
    0.2751341385193064,
    0.3534471669332239,
    0.2954222437291943,
    0.5812177228269497,
    2.419374845349624,
    2.5397385685682976,
    0.6438467171932493,
    0.4792420421873314,
    0.8683356682076087,
    0.9849221630093103,
    0.10165252407771609,
    0.22844079397793654,
    0.4417870981587364,
    0.671992129147354,
    0.6666915525367597,
    0.5755285601246027,
    0.21793653470002175,
    1.8807560093369309,
    0.6349219837183636,
    0.4073122356644254,
    0.7947418938563325,
    0.30388850199037915,
    3.7518042032277625,
    0.16255256808355475,
    3.066473624794215,
    2.9866315290419023,
    1.3540458505241943,
    0.8147560926525028,
    2.467873814137764,
    1.5272040383579177
  ]
}